Food,Density(kg/m^3),Volume(m^3),Mass(kg),Weight(N),Weight(g)
Burger,450,0.00025,0.1125,1.1025,112.5
Cake,380,0.0003,0.114,1.1172,114
Ice Cream,560,0.0002,0.112,1.0976,112
Pizza,420,0.00035,0.147,1.4406,148
Salad,300,0.0003,0.09,0.882,90
Samosa,600,8.00E-05,0.048,0.4704,48
Sandwich,450,0.00022,0.099,0.9702,99
Steak,1050,0.0002,0.21,2.058,210